{"cameraMode":{"drawMode":0,"name":"Shaded","section":"Shading Mode"},"sceneLighting":true,"audioPlay":false,"sceneViewState":{"m_AlwaysRefresh":false,"showFog":true,"showSkybox":true,"showFlares":true,"showImageEffects":true,"showParticleSystems":true,"showVisualEffectGraphs":true,"m_FxEnabled":true},"in2DMode":false,"pivot":{"x":-0.2840000092983246,"y":1.6619999408721924,"z":4.010000228881836},"rotation":{"x":-0.2744518220424652,"y":0.08353189378976822,"z":-0.023931151255965234,"w":-0.9576835632324219},"size":0.2233145385980606,"orthographic":false}